Name;UNIPROT_CODE;UNIPROT_CODE_MOUSE;Family
AKT1;AKT1_HUMAN;AKT1_MOUSE;AGC
AKT2;AKT2_HUMAN;AKT2_MOUSE;AGC
AKT3;AKT3_HUMAN;AKT3_MOUSE;AGC
CDC42BPA;MRCKA_HUMAN;MRCKA_MOUSE;AGC
CDC42BPB;MRCKB_HUMAN;MRCKB_MOUSE;AGC
CDC42BPG;MRCKG_HUMAN;MRCKG_MOUSE;AGC
CIT;CTRO_HUMAN;CTRO_MOUSE;AGC
DMPK;DMPK_HUMAN;DMPK_MOUSE;AGC
GRK1;RK_HUMAN;RK_MOUSE;AGC
GRK2;ARBK1_HUMAN;ARBK1_MOUSE;AGC
GRK3;ARBK2_HUMAN;ARBK2_MOUSE;AGC
GRK4;GRK4_HUMAN;GRK4_MOUSE;AGC
GRK5;GRK5_HUMAN;GRK5_MOUSE;AGC
GRK6;GRK6_HUMAN;GRK6_MOUSE;AGC
GRK7;GRK7_HUMAN;;AGC
LATS1;LATS1_HUMAN;LATS1_MOUSE;AGC
LATS2;LATS2_HUMAN;LATS2_MOUSE;AGC
MAST1;MAST1_HUMAN;MAST1_MOUSE;AGC
MAST2;MAST2_HUMAN;MAST2_MOUSE;AGC
MAST3;MAST3_HUMAN;MAST3_MOUSE;AGC
MAST4;MAST4_HUMAN;MAST4_MOUSE;AGC
MASTL;GWL_HUMAN;GWL_MOUSE;AGC
PDPK1;PDPK1_HUMAN;PDPK1_MOUSE;AGC
PDPK2P;PDPK2_HUMAN;;AGC
PKN1;PKN1_HUMAN;PKN1_MOUSE;AGC
PKN2;PKN2_HUMAN;PKN2_MOUSE;AGC
PKN3;PKN3_HUMAN;PKN3_MOUSE;AGC
PRKACA;KAPCA_HUMAN;KAPCA_MOUSE;AGC
PRKACB;KAPCB_HUMAN;KAPCB_MOUSE;AGC
PRKACG;KAPCG_HUMAN;;AGC
PRKCA;KPCA_HUMAN;KPCA_MOUSE;AGC
PRKCB;KPCB_HUMAN;KPCB_MOUSE;AGC
PRKCD;KPCD_HUMAN;KPCD_MOUSE;AGC
PRKCE;KPCE_HUMAN;KPCE_MOUSE;AGC
PRKCG;KPCG_HUMAN;KPCG_MOUSE;AGC
PRKCH;KPCL_HUMAN;KPCL_MOUSE;AGC
PRKCI;KPCI_HUMAN;KPCI_MOUSE;AGC
PRKCQ;KPCT_HUMAN;KPCT_MOUSE;AGC
PRKCZ;KPCZ_HUMAN;KPCZ_MOUSE;AGC
PRKG1;KGP1_HUMAN;KGP1_MOUSE;AGC
PRKG2;KGP2_HUMAN;KGP2_MOUSE;AGC
PRKX;PRKX_HUMAN;PRKX_MOUSE;AGC
PRKY;PRKY_HUMAN;;AGC
ROCK1;ROCK1_HUMAN;ROCK1_MOUSE;AGC
ROCK2;ROCK2_HUMAN;ROCK2_MOUSE;AGC
RPS6KA1;KS6A1_HUMAN;KS6A1_MOUSE;AGC
RPS6KA2;KS6A2_HUMAN;KS6A2_MOUSE;AGC
RPS6KA3;KS6A3_HUMAN;KS6A3_MOUSE;AGC
RPS6KA4;KS6A4_HUMAN;KS6A4_MOUSE;AGC
RPS6KA5;KS6A5_HUMAN;KS6A5_MOUSE;AGC
RPS6KA6;KS6A6_HUMAN;KS6A6_MOUSE;AGC
RPS6KB1;KS6B1_HUMAN;KS6B1_MOUSE;AGC
RPS6KB2;KS6B2_HUMAN;KS6B2_MOUSE;AGC
SGK1;SGK1_HUMAN;SGK1_MOUSE;AGC
SGK2;SGK2_HUMAN;SGK2_MOUSE;AGC
SGK3;SGK3_HUMAN;SGK3_MOUSE;AGC
STK38;STK38_HUMAN;STK38_MOUSE;AGC
STK38L;ST38L_HUMAN;ST38L_MOUSE;AGC
BRSK1;BRSK1_HUMAN;BRSK1_MOUSE;CAMK
BRSK2;BRSK2_HUMAN;BRSK2_MOUSE;CAMK
CAMK1;KCC1A_HUMAN;KCC1A_MOUSE;CAMK
CAMK1D;KCC1D_HUMAN;KCC1D_MOUSE;CAMK
CAMK1G;KCC1G_HUMAN;KCC1G_MOUSE;CAMK
CAMK2A;KCC2A_HUMAN;KCC2A_MOUSE;CAMK
CAMK2B;KCC2B_HUMAN;KCC2B_MOUSE;CAMK
CAMK2D;KCC2D_HUMAN;KCC2D_MOUSE;CAMK
CAMK2G;KCC2G_HUMAN;KCC2G_MOUSE;CAMK
CAMK4;KCC4_HUMAN;KCC4_MOUSE;CAMK
CAMKV;CAMKV_HUMAN;CAMKV_MOUSE;CAMK
CASK;CSKP_HUMAN;CSKP_MOUSE;CAMK
CHEK1;CHK1_HUMAN;CHK1_MOUSE;CAMK
CHEK2;CHK2_HUMAN;CHK2_MOUSE;CAMK
DAPK1;DAPK1_HUMAN;DAPK1_MOUSE;CAMK
DAPK2;DAPK2_HUMAN;DAPK2_MOUSE;CAMK
DAPK3;DAPK3_HUMAN;DAPK3_MOUSE;CAMK
DCLK1;DCLK1_HUMAN;DCLK1_MOUSE;CAMK
DCLK2;DCLK2_HUMAN;DCLK2_MOUSE;CAMK
DCLK3;DCLK3_HUMAN;DCLK3_MOUSE;CAMK
Gm4922;;SMKZ_MOUSE;CAMK
Gm7168;;SMKY_MOUSE;CAMK
HUNK;HUNK_HUMAN;HUNK_MOUSE;CAMK
KALRN;KALRN_HUMAN;KALRN_MOUSE;CAMK
MAPKAPK2;MAPK2_HUMAN;MAPK2_MOUSE;CAMK
MAPKAPK3;MAPK3_HUMAN;MAPK3_MOUSE;CAMK
MAPKAPK5;MAPK5_HUMAN;MAPK5_MOUSE;CAMK
MARK1;MARK1_HUMAN;MARK1_MOUSE;CAMK
MARK2;MARK2_HUMAN;MARK2_MOUSE;CAMK
MARK3;MARK3_HUMAN;MARK3_MOUSE;CAMK
MARK4;MARK4_HUMAN;MARK4_MOUSE;CAMK
MELK;MELK_HUMAN;MELK_MOUSE;CAMK
MKNK1;MKNK1_HUMAN;MKNK1_MOUSE;CAMK
MKNK2;MKNK2_HUMAN;MKNK2_MOUSE;CAMK
MYLK;MYLK_HUMAN;MYLK_MOUSE;CAMK
MYLK2;MYLK2_HUMAN;MYLK2_MOUSE;CAMK
MYLK3;MYLK3_HUMAN;MYLK3_MOUSE;CAMK
MYLK4;MYLK4_HUMAN;MYLK4_MOUSE;CAMK
NIM1K;NIM1_HUMAN;NIM1_MOUSE;CAMK
NUAK1;NUAK1_HUMAN;NUAK1_MOUSE;CAMK
NUAK2;NUAK2_HUMAN;NUAK2_MOUSE;CAMK
OBSCN;OBSCN_HUMAN;OBSCN_MOUSE;CAMK
PASK;PASK_HUMAN;PASK_MOUSE;CAMK
PHKG1;PHKG1_HUMAN;PHKG1_MOUSE;CAMK
PHKG2;PHKG2_HUMAN;PHKG2_MOUSE;CAMK
PIM1;PIM1_HUMAN;PIM1_MOUSE;CAMK
PIM2;PIM2_HUMAN;PIM2_MOUSE;CAMK
PIM3;PIM3_HUMAN;PIM3_MOUSE;CAMK
PNCK;KCC1B_HUMAN;KCC1B_MOUSE;CAMK
PRKAA1;AAPK1_HUMAN;AAPK1_MOUSE;CAMK
PRKAA2;AAPK2_HUMAN;AAPK2_MOUSE;CAMK
PRKD1;KPCD1_HUMAN;KPCD1_MOUSE;CAMK
PRKD2;KPCD2_HUMAN;KPCD2_MOUSE;CAMK
PRKD3;KPCD3_HUMAN;KPCD3_MOUSE;CAMK
PSKH1;KPSH1_HUMAN;KPSH1_MOUSE;CAMK
PSKH2;KPSH2_HUMAN;;CAMK
SIK1;SIK1_HUMAN;SIK1_MOUSE;CAMK
SIK2;SIK2_HUMAN;SIK2_MOUSE;CAMK
SIK3;SIK3_HUMAN;SIK3_MOUSE;CAMK
SNRK;SNRK_HUMAN;SNRK_MOUSE;CAMK
SPEG;SPEG_HUMAN;SPEG_MOUSE;CAMK
STK11;STK11_HUMAN;STK11_MOUSE;CAMK
STK17A;ST17A_HUMAN;;CAMK
STK17B;ST17B_HUMAN;ST17B_MOUSE;CAMK
STK33;STK33_HUMAN;STK33_MOUSE;CAMK
STK40;STK40_HUMAN;STK40_MOUSE;CAMK
Smok2a;;SMK2A_MOUSE;CAMK
Smok2b;;SMK2B_MOUSE;CAMK
Smok3a;;SMK3A_MOUSE;CAMK
Smok3b;;SMK3B_MOUSE;CAMK
Stk-ps2;;SMKW_MOUSE;CAMK
TRIB1;TRIB1_HUMAN;TRIB1_MOUSE;CAMK
TRIB2;TRIB2_HUMAN;TRIB2_MOUSE;CAMK
TRIB3;TRIB3_HUMAN;TRIB3_MOUSE;CAMK
TRIO;TRIO_HUMAN;TRIO_MOUSE;CAMK
TSSK1B;TSSK1_HUMAN;TSSK1_MOUSE;CAMK
TSSK2;TSSK2_HUMAN;TSSK2_MOUSE;CAMK
TSSK3;TSSK3_HUMAN;TSSK3_MOUSE;CAMK
TSSK4;TSSK4_HUMAN;TSSK4_MOUSE;CAMK
TSSK6;TSSK6_HUMAN;TSSK6_MOUSE;CAMK
TTN;TITIN_HUMAN;TITIN_MOUSE;CAMK
Tssk5;;TSSK5_MOUSE;CAMK
CSNK1A1;KC1A_HUMAN;KC1A_MOUSE;CK1
CSNK1A1L;KC1AL_HUMAN;;CK1
CSNK1D;KC1D_HUMAN;KC1D_MOUSE;CK1
CSNK1E;KC1E_HUMAN;KC1E_MOUSE;CK1
CSNK1G1;KC1G1_HUMAN;KC1G1_MOUSE;CK1
CSNK1G2;KC1G2_HUMAN;KC1G2_MOUSE;CK1
CSNK1G3;KC1G3_HUMAN;KC1G3_MOUSE;CK1
TTBK1;TTBK1_HUMAN;TTBK1_MOUSE;CK1
TTBK2;TTBK2_HUMAN;TTBK2_MOUSE;CK1
VRK1;VRK1_HUMAN;VRK1_MOUSE;CK1
VRK2;VRK2_HUMAN;VRK2_MOUSE;CK1
VRK3;VRK3_HUMAN;VRK3_MOUSE;CK1
CDK1;CDK1_HUMAN;CDK1_MOUSE;CMGC
CDK10;CDK10_HUMAN;CDK10_MOUSE;CMGC
CDK11A;CD11A_HUMAN;;CMGC
CDK11B;CD11B_HUMAN;CD11B_MOUSE;CMGC
CDK12;CDK12_HUMAN;CDK12_MOUSE;CMGC
CDK13;CDK13_HUMAN;CDK13_MOUSE;CMGC
CDK14;CDK14_HUMAN;CDK14_MOUSE;CMGC
CDK15;CDK15_HUMAN;CDK15_MOUSE;CMGC
CDK16;CDK16_HUMAN;CDK16_MOUSE;CMGC
CDK17;CDK17_HUMAN;CDK17_MOUSE;CMGC
CDK18;CDK18_HUMAN;CDK18_MOUSE;CMGC
CDK19;CDK19_HUMAN;CDK19_MOUSE;CMGC
CDK2;CDK2_HUMAN;CDK2_MOUSE;CMGC
CDK20;CDK20_HUMAN;CDK20_MOUSE;CMGC
CDK3;CDK3_HUMAN;CDK3_MOUSE;CMGC
CDK4;CDK4_HUMAN;CDK4_MOUSE;CMGC
CDK5;CDK5_HUMAN;CDK5_MOUSE;CMGC
CDK6;CDK6_HUMAN;CDK6_MOUSE;CMGC
CDK7;CDK7_HUMAN;CDK7_MOUSE;CMGC
CDK8;CDK8_HUMAN;CDK8_MOUSE;CMGC
CDK9;CDK9_HUMAN;CDK9_MOUSE;CMGC
CDKL1;CDKL1_HUMAN;CDKL1_MOUSE;CMGC
CDKL2;CDKL2_HUMAN;CDKL2_MOUSE;CMGC
CDKL3;CDKL3_HUMAN;CDKL3_MOUSE;CMGC
CDKL4;CDKL4_HUMAN;CDKL4_MOUSE;CMGC
CDKL5;CDKL5_HUMAN;CDKL5_MOUSE;CMGC
CLK1;CLK1_HUMAN;CLK1_MOUSE;CMGC
CLK2;CLK2_HUMAN;CLK2_MOUSE;CMGC
CLK3;CLK3_HUMAN;CLK3_MOUSE;CMGC
CLK4;CLK4_HUMAN;CLK4_MOUSE;CMGC
DYRK1A;DYR1A_HUMAN;DYR1A_MOUSE;CMGC
DYRK1B;DYR1B_HUMAN;DYR1B_MOUSE;CMGC
DYRK2;DYRK2_HUMAN;DYRK2_MOUSE;CMGC
DYRK3;DYRK3_HUMAN;DYRK3_MOUSE;CMGC
DYRK4;DYRK4_HUMAN;DYRK4_MOUSE;CMGC
GSK3A;GSK3A_HUMAN;GSK3A_MOUSE;CMGC
GSK3B;GSK3B_HUMAN;GSK3B_MOUSE;CMGC
HIPK1;HIPK1_HUMAN;HIPK1_MOUSE;CMGC
HIPK2;HIPK2_HUMAN;HIPK2_MOUSE;CMGC
HIPK3;HIPK3_HUMAN;HIPK3_MOUSE;CMGC
HIPK4;HIPK4_HUMAN;HIPK4_MOUSE;CMGC
ICK;ICK_HUMAN;ICK_MOUSE;CMGC
MAK;MAK_HUMAN;MAK_MOUSE;CMGC
MAPK1;MK01_HUMAN;MK01_MOUSE;CMGC
MAPK10;MK10_HUMAN;MK10_MOUSE;CMGC
MAPK11;MK11_HUMAN;MK11_MOUSE;CMGC
MAPK12;MK12_HUMAN;MK12_MOUSE;CMGC
MAPK13;MK13_HUMAN;MK13_MOUSE;CMGC
MAPK14;MK14_HUMAN;MK14_MOUSE;CMGC
MAPK15;MK15_HUMAN;MK15_MOUSE;CMGC
MAPK3;MK03_HUMAN;MK03_MOUSE;CMGC
MAPK4;MK04_HUMAN;MK04_MOUSE;CMGC
MAPK6;MK06_HUMAN;MK06_MOUSE;CMGC
MAPK7;MK07_HUMAN;MK07_MOUSE;CMGC
MAPK8;MK08_HUMAN;MK08_MOUSE;CMGC
MAPK9;MK09_HUMAN;MK09_MOUSE;CMGC
MOK;MOK_HUMAN;MOK_MOUSE;CMGC
NLK;NLK_HUMAN;NLK_MOUSE;CMGC
PRPF4B;PRP4B_HUMAN;PRP4B_MOUSE;CMGC
SRPK1;SRPK1_HUMAN;SRPK1_MOUSE;CMGC
SRPK2;SRPK2_HUMAN;SRPK2_MOUSE;CMGC
SRPK3;SRPK3_HUMAN;SRPK3_MOUSE;CMGC
NEK1;NEK1_HUMAN;NEK1_MOUSE;NEK
NEK10;NEK10_HUMAN;NEK10_MOUSE;NEK
NEK11;NEK11_HUMAN;NEK11_MOUSE;NEK
NEK2;NEK2_HUMAN;NEK2_MOUSE;NEK
NEK3;NEK3_HUMAN;NEK3_MOUSE;NEK
NEK4;NEK4_HUMAN;NEK4_MOUSE;NEK
NEK5;NEK5_HUMAN;NEK5_MOUSE;NEK
NEK6;NEK6_HUMAN;NEK6_MOUSE;NEK
NEK7;NEK7_HUMAN;NEK7_MOUSE;NEK
NEK8;NEK8_HUMAN;NEK8_MOUSE;NEK
NEK9;NEK9_HUMAN;NEK9_MOUSE;NEK
MAP2K1;MP2K1_HUMAN;MP2K1_MOUSE;STE
MAP2K2;MP2K2_HUMAN;MP2K2_MOUSE;STE
MAP2K3;MP2K3_HUMAN;MP2K3_MOUSE;STE
MAP2K4;MP2K4_HUMAN;MP2K4_MOUSE;STE
MAP2K5;MP2K5_HUMAN;MP2K5_MOUSE;STE
MAP2K6;MP2K6_HUMAN;MP2K6_MOUSE;STE
MAP2K7;MP2K7_HUMAN;MP2K7_MOUSE;STE
MAP3K1;M3K1_HUMAN;M3K1_MOUSE;STE
MAP3K10;M3K10_HUMAN;M3K10_MOUSE;STE
MAP3K11;M3K11_HUMAN;M3K11_MOUSE;STE
MAP3K12;M3K12_HUMAN;M3K12_MOUSE;STE
MAP3K13;M3K13_HUMAN;M3K13_MOUSE;STE
MAP3K14;M3K14_HUMAN;M3K14_MOUSE;STE
MAP3K15;M3K15_HUMAN;M3K15_MOUSE;STE
MAP3K19;M3K19_HUMAN;M3K19_MOUSE;STE
MAP3K2;M3K2_HUMAN;M3K2_MOUSE;STE
MAP3K20;M3K20_HUMAN;M3K20_MOUSE;STE
MAP3K21;M3K21_HUMAN;M3K21_MOUSE;STE
MAP3K3;M3K3_HUMAN;M3K3_MOUSE;STE
MAP3K4;M3K4_HUMAN;M3K4_MOUSE;STE
MAP3K5;M3K5_HUMAN;M3K5_MOUSE;STE
MAP3K6;M3K6_HUMAN;M3K6_MOUSE;STE
MAP3K7;M3K7_HUMAN;M3K7_MOUSE;STE
MAP3K8;M3K8_HUMAN;M3K8_MOUSE;STE
MAP3K9;M3K9_HUMAN;M3K9_MOUSE;STE
MAP4K1;M4K1_HUMAN;M4K1_MOUSE;STE
MAP4K2;M4K2_HUMAN;M4K2_MOUSE;STE
MAP4K3;M4K3_HUMAN;M4K3_MOUSE;STE
MAP4K4;M4K4_HUMAN;M4K4_MOUSE;STE
MAP4K5;M4K5_HUMAN;M4K5_MOUSE;STE
MINK1;MINK1_HUMAN;MINK1_MOUSE;STE
MYO3A;MYO3A_HUMAN;MYO3A_MOUSE;STE
MYO3B;MYO3B_HUMAN;MYO3B_MOUSE;STE
NRK;NRK_HUMAN;NRK_MOUSE;STE
OXSR1;OXSR1_HUMAN;OXSR1_MOUSE;STE
PAK1;PAK1_HUMAN;PAK1_MOUSE;STE
PAK2;PAK2_HUMAN;PAK2_MOUSE;STE
PAK3;PAK3_HUMAN;PAK3_MOUSE;STE
PAK4;PAK4_HUMAN;PAK4_MOUSE;STE
PAK5;PAK5_HUMAN;PAK5_MOUSE;STE
PAK6;PAK6_HUMAN;PAK6_MOUSE;STE
PBK;TOPK_HUMAN;TOPK_MOUSE;STE
SLK;SLK_HUMAN;SLK_MOUSE;STE
STK10;STK10_HUMAN;STK10_MOUSE;STE
STK24;STK24_HUMAN;STK24_MOUSE;STE
STK25;STK25_HUMAN;STK25_MOUSE;STE
STK26;STK26_HUMAN;STK26_MOUSE;STE
STK3;STK3_HUMAN;STK3_MOUSE;STE
STK39;STK39_HUMAN;STK39_MOUSE;STE
STK4;STK4_HUMAN;STK4_MOUSE;STE
STRADA;STRAA_HUMAN;STRAA_MOUSE;STE
STRADB;STRAB_HUMAN;STRAB_MOUSE;STE
TAOK1;TAOK1_HUMAN;TAOK1_MOUSE;STE
TAOK2;TAOK2_HUMAN;TAOK2_MOUSE;STE
TAOK3;TAOK3_HUMAN;TAOK3_MOUSE;STE
TNIK;TNIK_HUMAN;TNIK_MOUSE;STE
ACVR1;ACVR1_HUMAN;ACVR1_MOUSE;TKL
ACVR1B;ACV1B_HUMAN;ACV1B_MOUSE;TKL
ACVR1C;ACV1C_HUMAN;ACV1C_MOUSE;TKL
ACVR2A;AVR2A_HUMAN;AVR2A_MOUSE;TKL
ACVR2B;AVR2B_HUMAN;AVR2B_MOUSE;TKL
ACVRL1;ACVL1_HUMAN;ACVL1_MOUSE;TKL
AMHR2;AMHR2_HUMAN;AMHR2_MOUSE;TKL
ANKK1;ANKK1_HUMAN;ANKK1_MOUSE;TKL
ARAF;ARAF_HUMAN;ARAF_MOUSE;TKL
BMPR1A;BMR1A_HUMAN;BMR1A_MOUSE;TKL
BMPR1B;BMR1B_HUMAN;BMR1B_MOUSE;TKL
BMPR2;BMPR2_HUMAN;BMPR2_MOUSE;TKL
BRAF;BRAF_HUMAN;BRAF_MOUSE;TKL
ILK;ILK_HUMAN;ILK_MOUSE;TKL
IRAK1;IRAK1_HUMAN;IRAK1_MOUSE;TKL
IRAK2;IRAK2_HUMAN;IRAK2_MOUSE;TKL
IRAK3;IRAK3_HUMAN;IRAK3_MOUSE;TKL
IRAK4;IRAK4_HUMAN;IRAK4_MOUSE;TKL
KSR1;KSR1_HUMAN;KSR1_MOUSE;TKL
KSR2;KSR2_HUMAN;KSR2_MOUSE;TKL
LIMK1;LIMK1_HUMAN;LIMK1_MOUSE;TKL
LIMK2;LIMK2_HUMAN;LIMK2_MOUSE;TKL
LRRK1;LRRK1_HUMAN;LRRK1_MOUSE;TKL
LRRK2;LRRK2_HUMAN;LRRK2_MOUSE;TKL
RAF1;RAF1_HUMAN;RAF1_MOUSE;TKL
RIPK1;RIPK1_HUMAN;RIPK1_MOUSE;TKL
RIPK2;RIPK2_HUMAN;RIPK2_MOUSE;TKL
RIPK3;RIPK3_HUMAN;RIPK3_MOUSE;TKL
RIPK4;RIPK4_HUMAN;RIPK4_MOUSE;TKL
TESK1;TESK1_HUMAN;TESK1_MOUSE;TKL
TESK2;TESK2_HUMAN;TESK2_MOUSE;TKL
TGFBR1;TGFR1_HUMAN;TGFR1_MOUSE;TKL
TGFBR2;TGFR2_HUMAN;TGFR2_MOUSE;TKL
TNNI3K;TNI3K_HUMAN;TNI3K_MOUSE;TKL
AATK;LMTK1_HUMAN;LMTK1_MOUSE;Tyr
ABL1;ABL1_HUMAN;ABL1_MOUSE;Tyr
ABL2;ABL2_HUMAN;ABL2_MOUSE;Tyr
ALK;ALK_HUMAN;ALK_MOUSE;Tyr
AXL;UFO_HUMAN;UFO_MOUSE;Tyr
BLK;BLK_HUMAN;BLK_MOUSE;Tyr
BMX;BMX_HUMAN;BMX_MOUSE;Tyr
BTK;BTK_HUMAN;BTK_MOUSE;Tyr
CSF1R;CSF1R_HUMAN;CSF1R_MOUSE;Tyr
CSK;CSK_HUMAN;CSK_MOUSE;Tyr
DDR1;DDR1_HUMAN;DDR1_MOUSE;Tyr
DDR2;DDR2_HUMAN;DDR2_MOUSE;Tyr
EGFR;EGFR_HUMAN;EGFR_MOUSE;Tyr
EPHA1;EPHA1_HUMAN;EPHA1_MOUSE;Tyr
EPHA10;EPHAA_HUMAN;EPHAA_MOUSE;Tyr
EPHA2;EPHA2_HUMAN;EPHA2_MOUSE;Tyr
EPHA3;EPHA3_HUMAN;EPHA3_MOUSE;Tyr
EPHA4;EPHA4_HUMAN;EPHA4_MOUSE;Tyr
EPHA5;EPHA5_HUMAN;EPHA5_MOUSE;Tyr
EPHA6;EPHA6_HUMAN;EPHA6_MOUSE;Tyr
EPHA7;EPHA7_HUMAN;EPHA7_MOUSE;Tyr
EPHA8;EPHA8_HUMAN;EPHA8_MOUSE;Tyr
EPHB1;EPHB1_HUMAN;EPHB1_MOUSE;Tyr
EPHB2;EPHB2_HUMAN;EPHB2_MOUSE;Tyr
EPHB3;EPHB3_HUMAN;EPHB3_MOUSE;Tyr
EPHB4;EPHB4_HUMAN;EPHB4_MOUSE;Tyr
EPHB6;EPHB6_HUMAN;EPHB6_MOUSE;Tyr
ERBB2;ERBB2_HUMAN;ERBB2_MOUSE;Tyr
ERBB3;ERBB3_HUMAN;ERBB3_MOUSE;Tyr
ERBB4;ERBB4_HUMAN;ERBB4_MOUSE;Tyr
FER;FER_HUMAN;FER_MOUSE;Tyr
FES;FES_HUMAN;FES_MOUSE;Tyr
FGFR1;FGFR1_HUMAN;FGFR1_MOUSE;Tyr
FGFR2;FGFR2_HUMAN;FGFR2_MOUSE;Tyr
FGFR3;FGFR3_HUMAN;FGFR3_MOUSE;Tyr
FGFR4;FGFR4_HUMAN;FGFR4_MOUSE;Tyr
FGR;FGR_HUMAN;FGR_MOUSE;Tyr
FLT1;VGFR1_HUMAN;VGFR1_MOUSE;Tyr
FLT3;FLT3_HUMAN;FLT3_MOUSE;Tyr
FLT4;VGFR3_HUMAN;VGFR3_MOUSE;Tyr
FRK;FRK_HUMAN;FRK_MOUSE;Tyr
FYN;FYN_HUMAN;FYN_MOUSE;Tyr
HCK;HCK_HUMAN;HCK_MOUSE;Tyr
IGF1R;IGF1R_HUMAN;IGF1R_MOUSE;Tyr
INSR;INSR_HUMAN;INSR_MOUSE;Tyr
INSRR;INSRR_HUMAN;INSRR_MOUSE;Tyr
ITK;ITK_HUMAN;ITK_MOUSE;Tyr
JAK1;JAK1_HUMAN;JAK1_MOUSE;Tyr
JAK2;JAK2_HUMAN;JAK2_MOUSE;Tyr
JAK3;JAK3_HUMAN;JAK3_MOUSE;Tyr
KDR;VGFR2_HUMAN;VGFR2_MOUSE;Tyr
KIT;KIT_HUMAN;KIT_MOUSE;Tyr
LCK;LCK_HUMAN;LCK_MOUSE;Tyr
LMTK2;LMTK2_HUMAN;LMTK2_MOUSE;Tyr
LMTK3;LMTK3_HUMAN;LMTK3_MOUSE;Tyr
LTK;LTK_HUMAN;LTK_MOUSE;Tyr
LYN;LYN_HUMAN;LYN_MOUSE;Tyr
MATK;MATK_HUMAN;MATK_MOUSE;Tyr
MERTK;MERTK_HUMAN;MERTK_MOUSE;Tyr
MET;MET_HUMAN;MET_MOUSE;Tyr
MST1R;RON_HUMAN;RON_MOUSE;Tyr
MUSK;MUSK_HUMAN;MUSK_MOUSE;Tyr
NTRK1;NTRK1_HUMAN;NTRK1_MOUSE;Tyr
NTRK2;NTRK2_HUMAN;NTRK2_MOUSE;Tyr
NTRK3;NTRK3_HUMAN;NTRK3_MOUSE;Tyr
PDGFRA;PGFRA_HUMAN;PGFRA_MOUSE;Tyr
PDGFRB;PGFRB_HUMAN;PGFRB_MOUSE;Tyr
PTK2;FAK1_HUMAN;FAK1_MOUSE;Tyr
PTK2B;FAK2_HUMAN;FAK2_MOUSE;Tyr
PTK6;PTK6_HUMAN;PTK6_MOUSE;Tyr
PTK7;PTK7_HUMAN;PTK7_MOUSE;Tyr
RET;RET_HUMAN;RET_MOUSE;Tyr
ROR1;ROR1_HUMAN;ROR1_MOUSE;Tyr
ROR2;ROR2_HUMAN;ROR2_MOUSE;Tyr
ROS1;ROS1_HUMAN;ROS1_MOUSE;Tyr
RYK;RYK_HUMAN;RYK_MOUSE;Tyr
SRC;SRC_HUMAN;SRC_MOUSE;Tyr
SRMS;SRMS_HUMAN;SRMS_MOUSE;Tyr
STYK1;STYK1_HUMAN;STYK1_MOUSE;Tyr
SYK;KSYK_HUMAN;KSYK_MOUSE;Tyr
Smok1;;SMOK1_MOUSE;Tyr
Smok4a;;SMK4A_MOUSE;Tyr
Smoktcr;;SMKTR_MOUSE;Tyr
TEC;TEC_HUMAN;TEC_MOUSE;Tyr
TEK;TIE2_HUMAN;TIE2_MOUSE;Tyr
TIE1;TIE1_HUMAN;TIE1_MOUSE;Tyr
TNK1;TNK1_HUMAN;TNK1_MOUSE;Tyr
TNK2;ACK1_HUMAN;ACK1_MOUSE;Tyr
TXK;TXK_HUMAN;TXK_MOUSE;Tyr
TYK2;TYK2_HUMAN;TYK2_MOUSE;Tyr
TYRO3;TYRO3_HUMAN;TYRO3_MOUSE;Tyr
YES1;YES_HUMAN;YES_MOUSE;Tyr
ZAP70;ZAP70_HUMAN;ZAP70_MOUSE;Tyr
AAK1;AAK1_HUMAN;AAK1_MOUSE;Other
AURKA;AURKA_HUMAN;AURKA_MOUSE;Other
AURKB;AURKB_HUMAN;AURKB_MOUSE;Other
AURKC;AURKC_HUMAN;AURKC_MOUSE;Other
BMP2K;BMP2K_HUMAN;BMP2K_MOUSE;Other
BUB1;BUB1_HUMAN;BUB1_MOUSE;Other
BUB1B;BUB1B_HUMAN;BUB1B_MOUSE;Other
CAMKK1;KKCC1_HUMAN;KKCC1_MOUSE;Other
CAMKK2;KKCC2_HUMAN;KKCC2_MOUSE;Other
CDC7;CDC7_HUMAN;CDC7_MOUSE;Other
CHUK;IKKA_HUMAN;IKKA_MOUSE;Other
CSNK2A1;CSK21_HUMAN;CSK21_MOUSE;Other
CSNK2A2;CSK22_HUMAN;CSK22_MOUSE;Other
CSNK2A3;CSK23_HUMAN;;Other
DSTYK;DUSTY_HUMAN;DUSTY_MOUSE;Other
EIF2AK1;E2AK1_HUMAN;E2AK1_MOUSE;Other
EIF2AK2;E2AK2_HUMAN;E2AK2_MOUSE;Other
EIF2AK3;E2AK3_HUMAN;E2AK3_MOUSE;Other
EIF2AK4;E2AK4_HUMAN;E2AK4_MOUSE;Other
ERN1;ERN1_HUMAN;ERN1_MOUSE;Other
ERN2;ERN2_HUMAN;ERN2_MOUSE;Other
GAK;GAK_HUMAN;GAK_MOUSE;Other
HASPIN;HASP_HUMAN;HASP_MOUSE;Other
IKBKB;IKKB_HUMAN;IKKB_MOUSE;Other
IKBKE;IKKE_HUMAN;IKKE_MOUSE;Other
MLKL;MLKL_HUMAN;MLKL_MOUSE;Other
MOS;MOS_HUMAN;MOS_MOUSE;Other
NRBP1;NRBP_HUMAN;NRBP_MOUSE;Other
NRBP2;NRBP2_HUMAN;NRBP2_MOUSE;Other
PAN3;PAN3_HUMAN;PAN3_MOUSE;Other
PDIK1L;PDK1L_HUMAN;PDK1L_MOUSE;Other
PEAK1;PEAK1_HUMAN;PEAK1_MOUSE;Other
PIK3R4;PI3R4_HUMAN;PI3R4_MOUSE;Other
PINK1;PINK1_HUMAN;PINK1_MOUSE;Other
PKDCC;PKDCC_HUMAN;PKDCC_MOUSE;Other
PKMYT1;PMYT1_HUMAN;PMYT1_MOUSE;Other
PLK1;PLK1_HUMAN;PLK1_MOUSE;Other
PLK2;PLK2_HUMAN;PLK2_MOUSE;Other
PLK3;PLK3_HUMAN;PLK3_MOUSE;Other
PLK4;PLK4_HUMAN;PLK4_MOUSE;Other
PLK5;PLK5_HUMAN;PLK5_MOUSE;Other
POMK;SG196_HUMAN;SG196_MOUSE;Other
PRAG1;PRAG1_HUMAN;PRAG1_MOUSE;Other
PXK;PXK_HUMAN;PXK_MOUSE;Other
RNASEL;RN5A_HUMAN;RN5A_MOUSE;Other
RPS6KC1;KS6C1_HUMAN;KS6C1_MOUSE;Other
RPS6KL1;RPKL1_HUMAN;RPKL1_MOUSE;Other
SBK1;SBK1_HUMAN;SBK1_MOUSE;Other
SBK2;SBK2_HUMAN;SBK2_MOUSE;Other
SBK3;SBK3_HUMAN;SBK3_MOUSE;Other
SCYL1;SCYL1_HUMAN;SCYL1_MOUSE;Other
SCYL2;SCYL2_HUMAN;SCYL2_MOUSE;Other
SCYL3;PACE1_HUMAN;PACE1_MOUSE;Other
SGK494;SG494_HUMAN;SG494_MOUSE;Other
STK16;STK16_HUMAN;STK16_MOUSE;Other
STK31;STK31_HUMAN;STK31_MOUSE;Other
STK32A;ST32A_HUMAN;ST32A_MOUSE;Other
STK32B;ST32B_HUMAN;ST32B_MOUSE;Other
STK32C;ST32C_HUMAN;ST32C_MOUSE;Other
STK35;STK35_HUMAN;STK35_MOUSE;Other
STK36;STK36_HUMAN;STK36_MOUSE;Other
STKLD1;STKL1_HUMAN;STKL1_MOUSE;Other
TBCK;TBCK_HUMAN;TBCK_MOUSE;Other
TBK1;TBK1_HUMAN;TBK1_MOUSE;Other
TEX14;TEX14_HUMAN;TEX14_MOUSE;Other
TLK1;TLK1_HUMAN;TLK1_MOUSE;Other
TLK2;TLK2_HUMAN;TLK2_MOUSE;Other
TP53RK;PRPK_HUMAN;PRPK_MOUSE;Other
TTK;TTK_HUMAN;TTK_MOUSE;Other
UHMK1;UHMK1_HUMAN;UHMK1_MOUSE;Other
ULK1;ULK1_HUMAN;ULK1_MOUSE;Other
ULK2;ULK2_HUMAN;ULK2_MOUSE;Other
ULK3;ULK3_HUMAN;ULK3_MOUSE;Other
ULK4;ULK4_HUMAN;ULK4_MOUSE;Other
WEE1;WEE1_HUMAN;WEE1_MOUSE;Other
WEE2;WEE2_HUMAN;WEE2_MOUSE;Other
WNK1;WNK1_HUMAN;WNK1_MOUSE;Other
WNK2;WNK2_HUMAN;WNK2_MOUSE;Other
WNK3;WNK3_HUMAN;WNK3_MOUSE;Other
WNK4;WNK4_HUMAN;WNK4_MOUSE;Other
ADCK1;ADCK1_HUMAN;ADCK1_MOUSE;Atypical ADCK
ADCK2;ADCK2_HUMAN;ADCK2_MOUSE;Atypical ADCK
ADCK5;ADCK5_HUMAN;ADCK5_MOUSE;Atypical ADCK
COQ8A;COQ8A_HUMAN;COQ8A_MOUSE;Atypical ADCK
COQ8B;COQ8B_HUMAN;COQ8B_MOUSE;Atypical ADCK
ALPK1;ALPK1_HUMAN;ALPK1_MOUSE;Atypical Alpha-type
ALPK2;ALPK2_HUMAN;ALPK2_MOUSE;Atypical Alpha-type
ALPK3;ALPK3_HUMAN;ALPK3_MOUSE;Atypical Alpha-type
EEF2K;EF2K_HUMAN;EF2K_MOUSE;Atypical Alpha-type
TRPM6;TRPM6_HUMAN;TRPM6_MOUSE;Atypical Alpha-type
TRPM7;TRPM7_HUMAN;TRPM7_MOUSE;Atypical Alpha-type
FASTK;FASTK_HUMAN;FASTK_MOUSE;Atypical FAST
BCKDK;BCKD_HUMAN;BCKD_MOUSE;Atypical PDK/BCKDK
PDK1;PDK1_HUMAN;PDK1_MOUSE;Atypical PDK/BCKDK
PDK2;PDK2_HUMAN;PDK2_MOUSE;Atypical PDK/BCKDK
PDK3;PDK3_HUMAN;PDK3_MOUSE;Atypical PDK/BCKDK
PDK4;PDK4_HUMAN;PDK4_MOUSE;Atypical PDK/BCKDK
ATM;ATM_HUMAN;ATM_MOUSE;Atypical PI3/PI4-kinase
ATR;ATR_HUMAN;ATR_MOUSE;Atypical PI3/PI4-kinase
MTOR;MTOR_HUMAN;MTOR_MOUSE;Atypical PI3/PI4-kinase
PIK3CA;PK3CA_HUMAN;PK3CA_MOUSE;Atypical PI3/PI4-kinase
PIK3CG;PK3CG_HUMAN;PK3CG_MOUSE;Atypical PI3/PI4-kinase
PRKDC;PRKDC_HUMAN;PRKDC_MOUSE;Atypical PI3/PI4-kinase
SMG1;SMG1_HUMAN;SMG1_MOUSE;Atypical PI3/PI4-kinase
RIOK1;RIOK1_HUMAN;RIOK1_MOUSE;Atypical RIO-type
RIOK2;RIOK2_HUMAN;RIOK2_MOUSE;Atypical RIO-type
RIOK3;RIOK3_HUMAN;RIOK3_MOUSE;Atypical RIO-type
